index,carrier,year,month,name,value,groupid
7,AA,2003,6,BOS,17,6_AA
4998,AA,2003,10,BOS,12,10_AA
5082,AS,2003,10,BOS,12,10_AS
1579,DL,2003,7,BOS,10,7_DL
1499,DH,2003,7,BOS,15,7_DH
5150,CO,2003,10,BOS,11,10_CO
5235,DH,2003,10,BOS,11,10_DH
5315,DL,2003,10,BOS,10,10_DL
1410,CO,2003,7,BOS,13,7_CO
5420,EV,2003,10,BOS,16,10_EV
5511,FL,2003,10,BOS,16,10_FL
1341,AS,2003,7,BOS,11,7_AS
5552,HP,2003,10,BOS,30,10_HP
5606,MQ,2003,10,BOS,13,10_MQ
1255,AA,2003,7,BOS,18,7_AA
5922,RU,2003,10,BOS,10,10_RU
6015,TZ,2003,10,BOS,11,10_TZ
6051,UA,2003,10,BOS,13,10_UA
6865,MQ,2003,11,BOS,13,11_MQ
6811,HP,2003,11,BOS,9,11_HP
6755,FL,2003,11,BOS,12,11_FL
929,RU,2003,6,BOS,21,6_RU
6664,EV,2003,11,BOS,6,11_EV
1022,TZ,2003,6,BOS,18,6_TZ
4879,US,2003,9,BOS,15,9_US
6558,DL,2003,11,BOS,9,11_DL
1058,UA,2003,6,BOS,17,6_UA
6396,CO,2003,11,BOS,15,11_CO
6328,AS,2003,11,BOS,33,11_AS
1133,US,2003,6,BOS,18,6_US
6244,AA,2003,11,BOS,14,11_AA
6125,US,2003,10,BOS,12,10_US
6479,DH,2003,11,BOS,8,11_DH
1683,EV,2003,7,BOS,16,7_EV
4804,UA,2003,9,BOS,15,9_UA
4768,TZ,2003,9,BOS,9,9_TZ
3556,UA,2003,8,BOS,20,8_UA
3520,TZ,2003,8,BOS,17,8_TZ
2308,UA,2003,7,BOS,17,7_UA
3428,RU,2003,8,BOS,30,8_RU
3223,NW,2003,8,BOS,23,8_NW
3123,MQ,2003,8,BOS,27,8_MQ
2272,TZ,2003,7,BOS,22,7_TZ
2383,US,2003,7,BOS,19,7_US
3026,FL,2003,8,BOS,38,8_FL
2932,EV,2003,8,BOS,16,8_EV
2827,DL,2003,8,BOS,14,8_DL
2748,DH,2003,8,BOS,19,8_DH
2504,AA,2003,8,BOS,24,8_AA
2659,CO,2003,8,BOS,18,8_CO
3068,HP,2003,8,BOS,37,8_HP
6968,NW,2003,11,BOS,13,11_NW
3631,US,2003,8,BOS,22,8_US
3751,AA,2003,9,BOS,13,9_AA
1773,FL,2003,7,BOS,27,7_FL
4674,RU,2003,9,BOS,0,9_RU
1815,HP,2003,7,BOS,22,7_HP
4463,NW,2003,9,BOS,14,9_NW
4363,MQ,2003,9,BOS,15,9_MQ
4308,HP,2003,9,BOS,39,9_HP
2179,RU,2003,7,BOS,12,7_RU
1870,MQ,2003,7,BOS,17,7_MQ
4178,EV,2003,9,BOS,20,9_EV
1970,NW,2003,7,BOS,18,7_NW
4074,DL,2003,9,BOS,9,9_DL
3995,DH,2003,9,BOS,15,9_DH
3906,CO,2003,9,BOS,17,9_CO
3837,AS,2003,9,BOS,16,9_AS
4266,FL,2003,9,BOS,16,9_FL
7179,RU,2003,11,BOS,12,11_RU
5709,NW,2003,10,BOS,12,10_NW
2590,AS,2003,8,BOS,25,8_AS
7378,US,2003,11,BOS,12,11_US
8444,RU,2003,12,BOS,21,12_RU
8231,NW,2003,12,BOS,29,12_NW
7497,AA,2003,12,BOS,24,12_AA
162,CO,2003,6,BOS,16,6_CO
8125,MQ,2003,12,BOS,26,12_MQ
567,HP,2003,6,BOS,12,6_HP
8071,HP,2003,12,BOS,22,12_HP
7584,AS,2003,12,BOS,25,12_AS
8015,FL,2003,12,BOS,25,12_FL
252,DH,2003,6,BOS,13,6_DH
331,DL,2003,6,BOS,10,6_DL
525,FL,2003,6,BOS,28,6_FL
7653,CO,2003,12,BOS,26,12_CO
7926,EV,2003,12,BOS,29,12_EV
7818,DL,2003,12,BOS,21,12_DL
434,EV,2003,6,BOS,10,6_EV
8536,TZ,2003,12,BOS,36,12_TZ
623,MQ,2003,6,BOS,17,6_MQ
7739,DH,2003,12,BOS,16,12_DH
8649,US,2003,12,BOS,19,12_US
93,AS,2003,6,BOS,26,6_AS
8572,UA,2003,12,BOS,20,12_UA
7269,TZ,2003,11,BOS,18,11_TZ
722,NW,2003,6,BOS,20,6_NW
7305,UA,2003,11,BOS,12,11_UA
97,AS,2003,6,DCA,10,6_AS
4378,MQ,2003,9,DCA,15,9_MQ
4473,NW,2003,9,DCA,15,9_NW
1821,HP,2003,7,DCA,38,7_HP
267,DH,2003,6,DCA,10,6_DH
4694,RU,2003,9,DCA,28,9_RU
2763,DH,2003,8,DCA,12,8_DH
4770,TZ,2003,9,DCA,20,9_TZ
344,DL,2003,6,DCA,14,6_DL
4815,UA,2003,9,DCA,15,9_UA
1698,EV,2003,7,DCA,54,7_EV
8657,US,2003,12,DCA,12,12_US
7940,EV,2003,12,DCA,20,12_EV
2670,CO,2003,8,DCA,15,8_CO
4886,US,2003,9,DCA,10,9_US
5006,AA,2003,10,DCA,10,10_AA
7831,DL,2003,12,DCA,20,12_DL
1592,DL,2003,7,DCA,16,7_DL
2512,AA,2003,8,DCA,25,8_AA
15,AA,2003,6,DCA,15,6_AA
5086,AS,2003,10,DCA,19,10_AS
1514,DH,2003,7,DCA,16,7_DH
8020,FL,2003,12,DCA,16,12_FL
4314,HP,2003,9,DCA,27,9_HP
2947,EV,2003,8,DCA,52,8_EV
3233,NW,2003,8,DCA,25,8_NW
3448,RU,2003,8,DCA,27,8_RU
2319,UA,2003,7,DCA,26,7_UA
3522,TZ,2003,8,DCA,25,8_TZ
8463,RU,2003,12,DCA,24,12_RU
3138,MQ,2003,8,DCA,25,8_MQ
3567,UA,2003,8,DCA,26,8_UA
2274,TZ,2003,7,DCA,28,7_TZ
8538,TZ,2003,12,DCA,28,12_TZ
3638,US,2003,8,DCA,20,8_US
2199,RU,2003,7,DCA,20,7_RU
8241,NW,2003,12,DCA,23,12_NW
3759,AA,2003,9,DCA,12,9_AA
2391,US,2003,7,DCA,15,7_US
3841,AS,2003,9,DCA,6,9_AS
3074,HP,2003,8,DCA,39,8_HP
7754,DH,2003,12,DCA,12,12_DH
173,CO,2003,6,DCA,14,6_CO
4010,DH,2003,9,DCA,23,9_DH
8140,MQ,2003,12,DCA,19,12_MQ
4087,DL,2003,9,DCA,12,9_DL
1980,NW,2003,7,DCA,19,7_NW
4193,EV,2003,9,DCA,25,9_EV
8076,HP,2003,12,DCA,26,12_HP
8583,UA,2003,12,DCA,20,12_UA
1885,MQ,2003,7,DCA,16,7_MQ
2840,DL,2003,8,DCA,18,8_DL
3917,CO,2003,9,DCA,13,9_CO
7198,RU,2003,11,DCA,25,11_RU
1263,AA,2003,7,DCA,22,7_AA
5160,CO,2003,10,DCA,8,10_CO
1141,US,2003,6,DCA,13,6_US
5621,MQ,2003,10,DCA,12,10_MQ
2594,AS,2003,8,DCA,0,8_AS
6760,FL,2003,11,DCA,10,11_FL
5719,NW,2003,10,DCA,14,10_NW
7505,AA,2003,12,DCA,22,12_AA
7386,US,2003,11,DCA,9,11_US
7588,AS,2003,12,DCA,25,12_AS
7316,UA,2003,11,DCA,19,11_UA
949,RU,2003,6,DCA,23,6_RU
6571,DL,2003,11,DCA,14,11_DL
5942,RU,2003,10,DCA,17,10_RU
6133,US,2003,10,DCA,7,10_US
6679,EV,2003,11,DCA,13,11_EV
6017,TZ,2003,10,DCA,14,10_TZ
638,MQ,2003,6,DCA,18,6_MQ
1024,TZ,2003,6,DCA,18,6_TZ
573,HP,2003,6,DCA,27,6_HP
7271,TZ,2003,11,DCA,16,11_TZ
6062,UA,2003,10,DCA,10,10_UA
6494,DH,2003,11,DCA,6,11_DH
6252,AA,2003,11,DCA,17,11_AA
449,EV,2003,6,DCA,42,6_EV
5328,DL,2003,10,DCA,14,10_DL
732,NW,2003,6,DCA,22,6_NW
6332,AS,2003,11,DCA,16,11_AS
5557,HP,2003,10,DCA,21,10_HP
1069,UA,2003,6,DCA,17,6_UA
1421,CO,2003,7,DCA,11,7_CO
7663,CO,2003,12,DCA,15,12_CO
6978,NW,2003,11,DCA,17,11_NW
6880,MQ,2003,11,DCA,17,11_MQ
5516,FL,2003,10,DCA,8,10_FL
6405,CO,2003,11,DCA,13,11_CO
1345,AS,2003,7,DCA,9,7_AS
6816,HP,2003,11,DCA,10,11_HP
5435,EV,2003,10,DCA,21,10_EV
5250,DH,2003,10,DCA,3,10_DH
3523,TZ,2003,8,DEN,11,8_TZ
7317,UA,2003,11,DEN,12,11_UA
8464,RU,2003,12,DEN,26,12_RU
6406,CO,2003,11,DEN,21,11_CO
3338,OO,2003,8,DEN,9,8_OO
5124,B6,2003,10,DEN,9,10_B6
6572,DL,2003,11,DEN,23,11_DL
2595,AS,2003,8,DEN,24,8_AS
2633,B6,2003,8,DEN,29,8_B6
7085,OO,2003,11,DEN,21,11_OO
8658,US,2003,12,DEN,18,12_US
6979,NW,2003,11,DEN,40,11_NW
2671,CO,2003,8,DEN,18,8_CO
6817,HP,2003,11,DEN,11,11_HP
2841,DL,2003,8,DEN,17,8_DL
8584,UA,2003,12,DEN,14,12_UA
6761,FL,2003,11,DEN,24,11_FL
3031,FL,2003,8,DEN,25,8_FL
7272,TZ,2003,11,DEN,38,11_TZ
3075,HP,2003,8,DEN,21,8_HP
8539,TZ,2003,12,DEN,21,12_TZ
6680,EV,2003,11,DEN,13,11_EV
3234,NW,2003,8,DEN,17,8_NW
3568,UA,2003,8,DEN,9,8_UA
3880,B6,2003,9,DEN,6,9_B6
6370,B6,2003,11,DEN,16,11_B6
7589,AS,2003,12,DEN,18,12_AS
5558,HP,2003,10,DEN,14,10_HP
4695,RU,2003,9,DEN,8,9_RU
7941,EV,2003,12,DEN,9,12_EV
7627,B6,2003,12,DEN,22,12_B6
4771,TZ,2003,9,DEN,7,9_TZ
5517,FL,2003,10,DEN,26,10_FL
4580,OO,2003,9,DEN,6,9_OO
5436,EV,2003,10,DEN,16,10_EV
7199,RU,2003,11,DEN,62,11_RU
7832,DL,2003,12,DEN,23,12_DL
5329,DL,2003,10,DEN,15,10_DL
5007,AA,2003,10,DEN,9,10_AA
7664,CO,2003,12,DEN,16,12_CO
5161,CO,2003,10,DEN,6,10_CO
5087,AS,2003,10,DEN,15,10_AS
4816,UA,2003,9,DEN,5,9_UA
5720,NW,2003,10,DEN,16,10_NW
4315,HP,2003,9,DEN,14,9_HP
5828,OO,2003,10,DEN,8,10_OO
3639,US,2003,8,DEN,25,8_US
6333,AS,2003,11,DEN,13,11_AS
8242,NW,2003,12,DEN,27,12_NW
7387,US,2003,11,DEN,21,11_US
3760,AA,2003,9,DEN,9,9_AA
6253,AA,2003,11,DEN,18,11_AA
3842,AS,2003,9,DEN,12,9_AS
3918,CO,2003,9,DEN,14,9_CO
6134,US,2003,10,DEN,14,10_US
7506,AA,2003,12,DEN,20,12_AA
6063,UA,2003,10,DEN,8,10_UA
4088,DL,2003,9,DEN,14,9_DL
8077,HP,2003,12,DEN,16,12_HP
6018,TZ,2003,10,DEN,6,10_TZ
4271,FL,2003,9,DEN,12,9_FL
5943,RU,2003,10,DEN,29,10_RU
8021,FL,2003,12,DEN,45,12_FL
8352,OO,2003,12,DEN,22,12_OO
4887,US,2003,9,DEN,17,9_US
4474,NW,2003,9,DEN,13,9_NW
1593,DL,2003,7,DEN,20,7_DL
1384,B6,2003,7,DEN,19,7_B6
1346,AS,2003,7,DEN,17,7_AS
530,FL,2003,6,DEN,5,6_FL
1699,EV,2003,7,DEN,21,7_EV
1142,US,2003,6,DEN,31,6_US
1422,CO,2003,7,DEN,19,7_CO
1778,FL,2003,7,DEN,22,7_FL
840,OO,2003,6,DEN,10,6_OO
1070,UA,2003,6,DEN,11,6_UA
16,AA,2003,6,DEN,20,6_AA
1981,NW,2003,7,DEN,19,7_NW
1822,HP,2003,7,DEN,21,7_HP
2275,TZ,2003,7,DEN,28,7_TZ
98,AS,2003,6,DEN,19,6_AS
174,CO,2003,6,DEN,19,6_CO
450,EV,2003,6,DEN,28,6_EV
2320,UA,2003,7,DEN,11,7_UA
574,HP,2003,6,DEN,17,6_HP
733,NW,2003,6,DEN,21,6_NW
136,B6,2003,6,DEN,20,6_B6
1025,TZ,2003,6,DEN,10,6_TZ
1264,AA,2003,7,DEN,21,7_AA
345,DL,2003,6,DEN,21,6_DL
2392,US,2003,7,DEN,30,7_US
2513,AA,2003,8,DEN,21,8_AA
2088,OO,2003,7,DEN,9,7_OO
3640,US,2003,8,DFW,37,8_US
5330,DL,2003,10,DFW,9,10_DL
346,DL,2003,6,DFW,20,6_DL
5518,FL,2003,10,DFW,18,10_FL
5437,EV,2003,10,DFW,9,10_EV
8540,TZ,2003,12,DFW,17,12_TZ
5559,HP,2003,10,DFW,14,10_HP
3569,UA,2003,8,DFW,15,8_UA
7833,DL,2003,12,DFW,15,12_DL
2276,TZ,2003,7,DFW,25,7_TZ
5622,MQ,2003,10,DFW,7,10_MQ
3524,TZ,2003,8,DFW,17,8_TZ
1265,AA,2003,7,DFW,20,7_AA
5829,OO,2003,10,DFW,5,10_OO
3449,RU,2003,8,DFW,13,8_RU
2200,RU,2003,7,DFW,19,7_RU
1423,CO,2003,7,DFW,15,7_CO
5721,NW,2003,10,DFW,7,10_NW
8465,RU,2003,12,DFW,15,12_RU
8243,NW,2003,12,DFW,23,12_NW
4272,FL,2003,9,DFW,12,9_FL
1886,MQ,2003,7,DFW,14,7_MQ
4379,MQ,2003,9,DFW,8,9_MQ
4194,EV,2003,9,DFW,8,9_EV
1823,HP,2003,7,DFW,29,7_HP
8141,MQ,2003,12,DFW,13,12_MQ
4475,NW,2003,9,DFW,12,9_NW
175,CO,2003,6,DFW,18,6_CO
4089,DL,2003,9,DFW,13,9_DL
1982,NW,2003,7,DFW,16,7_NW
4581,OO,2003,9,DFW,6,9_OO
1779,FL,2003,7,DFW,24,7_FL
7942,EV,2003,12,DFW,12,12_EV
4696,RU,2003,9,DFW,12,9_RU
1700,EV,2003,7,DFW,14,7_EV
3919,CO,2003,9,DFW,16,9_CO
4817,UA,2003,9,DFW,10,9_UA
8353,OO,2003,12,DFW,12,12_OO
8078,HP,2003,12,DFW,20,12_HP
4888,US,2003,9,DFW,21,9_US
7318,UA,2003,11,DFW,21,11_UA
2089,OO,2003,7,DFW,9,7_OO
1594,DL,2003,7,DFW,17,7_DL
5008,AA,2003,10,DFW,7,10_AA
8022,FL,2003,12,DFW,31,12_FL
3761,AA,2003,9,DFW,9,9_AA
5162,CO,2003,10,DFW,9,10_CO
4772,TZ,2003,9,DFW,10,9_TZ
2321,UA,2003,7,DFW,13,7_UA
4316,HP,2003,9,DFW,14,9_HP
6573,DL,2003,11,DFW,12,11_DL
7388,US,2003,11,DFW,18,11_US
1071,UA,2003,6,DFW,16,6_UA
6407,CO,2003,11,DFW,20,11_CO
3076,HP,2003,8,DFW,28,8_HP
2393,US,2003,7,DFW,38,7_US
2672,CO,2003,8,DFW,18,8_CO
6980,NW,2003,11,DFW,24,11_NW
6881,MQ,2003,11,DFW,13,11_MQ
7507,AA,2003,12,DFW,16,12_AA
3032,FL,2003,8,DFW,21,8_FL
1026,TZ,2003,6,DFW,24,6_TZ
2948,EV,2003,8,DFW,13,8_EV
5944,RU,2003,10,DFW,10,10_RU
6818,HP,2003,11,DFW,20,11_HP
17,AA,2003,6,DFW,17,6_AA
8659,US,2003,12,DFW,20,12_US
841,OO,2003,6,DFW,12,6_OO
6762,FL,2003,11,DFW,16,11_FL
575,HP,2003,6,DFW,13,6_HP
6681,EV,2003,11,DFW,14,11_EV
950,RU,2003,6,DFW,16,6_RU
531,FL,2003,6,DFW,23,6_FL
7086,OO,2003,11,DFW,8,11_OO
2842,DL,2003,8,DFW,19,8_DL
3235,NW,2003,8,DFW,14,8_NW
7665,CO,2003,12,DFW,21,12_CO
3339,OO,2003,8,DFW,11,8_OO
6254,AA,2003,11,DFW,11,11_AA
7273,TZ,2003,11,DFW,23,11_TZ
451,EV,2003,6,DFW,18,6_EV
7200,RU,2003,11,DFW,22,11_RU
8585,UA,2003,12,DFW,21,12_UA
1143,US,2003,6,DFW,31,6_US
6064,UA,2003,10,DFW,12,10_UA
6135,US,2003,10,DFW,15,10_US
734,NW,2003,6,DFW,20,6_NW
6019,TZ,2003,10,DFW,3,10_TZ
639,MQ,2003,6,DFW,15,6_MQ
2514,AA,2003,8,DFW,21,8_AA
3139,MQ,2003,8,DFW,11,8_MQ
4317,HP,2003,9,DTW,26,9_HP
6683,EV,2003,11,DTW,6,11_EV
641,MQ,2003,6,DTW,18,6_MQ
8079,HP,2003,12,DTW,23,12_HP
4478,NW,2003,9,DTW,8,9_NW
6819,HP,2003,11,DTW,8,11_HP
1702,EV,2003,7,DTW,45,7_EV
4698,RU,2003,9,DTW,26,9_RU
4381,MQ,2003,9,DTW,21,9_MQ
7447,WN,2003,11,DTW,12,11_WN
8143,MQ,2003,12,DTW,26,12_MQ
6883,MQ,2003,11,DTW,21,11_MQ
1824,HP,2003,7,DTW,32,7_HP
6983,NW,2003,11,DTW,11,11_NW
4819,UA,2003,9,DTW,11,9_UA
737,NW,2003,6,DTW,10,6_NW
7202,RU,2003,11,DTW,29,11_RU
7389,US,2003,11,DTW,17,11_US
5946,RU,2003,10,DTW,18,10_RU
952,RU,2003,6,DTW,15,6_RU
1204,WN,2003,6,DTW,16,6_WN
7666,CO,2003,12,DTW,16,12_CO
7756,DH,2003,12,DTW,25,12_DH
5724,NW,2003,10,DTW,8,10_NW
5624,MQ,2003,10,DTW,19,10_MQ
6066,UA,2003,10,DTW,10,10_UA
347,DL,2003,6,DTW,16,6_DL
1144,US,2003,6,DTW,13,6_US
5560,HP,2003,10,DTW,25,10_HP
7834,DL,2003,12,DTW,21,12_DL
6136,US,2003,10,DTW,18,10_US
6194,WN,2003,10,DTW,17,10_WN
5439,EV,2003,10,DTW,1,10_EV
6256,AA,2003,11,DTW,18,11_AA
1073,UA,2003,6,DTW,13,6_UA
5331,DL,2003,10,DTW,16,10_DL
6408,CO,2003,11,DTW,15,11_CO
576,HP,2003,6,DTW,20,6_HP
4889,US,2003,9,DTW,13,9_US
4948,WN,2003,9,DTW,16,9_WN
6574,DL,2003,11,DTW,18,11_DL
1595,DL,2003,7,DTW,32,7_DL
5010,AA,2003,10,DTW,9,10_AA
176,CO,2003,6,DTW,14,6_CO
1516,DH,2003,7,DTW,26,7_DH
6496,DH,2003,11,DTW,19,11_DH
5163,CO,2003,10,DTW,5,10_CO
269,DH,2003,6,DTW,15,6_DH
1424,CO,2003,7,DTW,18,7_CO
7509,AA,2003,12,DTW,18,12_AA
5252,DH,2003,10,DTW,19,10_DH
7944,EV,2003,12,DTW,14,12_EV
1267,AA,2003,7,DTW,25,7_AA
7320,UA,2003,11,DTW,19,11_UA
2950,EV,2003,8,DTW,38,8_EV
1985,NW,2003,7,DTW,12,7_NW
3451,RU,2003,8,DTW,17,8_RU
3700,WN,2003,8,DTW,18,8_WN
4012,DH,2003,9,DTW,12,9_DH
8467,RU,2003,12,DTW,30,12_RU
3077,HP,2003,8,DTW,41,8_HP
2673,CO,2003,8,DTW,18,8_CO
2323,UA,2003,7,DTW,17,7_UA
8587,UA,2003,12,DTW,19,12_UA
2394,US,2003,7,DTW,31,7_US
3920,CO,2003,9,DTW,6,9_CO
3763,AA,2003,9,DTW,12,9_AA
3238,NW,2003,8,DTW,15,8_NW
2843,DL,2003,8,DTW,24,8_DL
8660,US,2003,12,DTW,19,12_US
2453,WN,2003,7,DTW,23,7_WN
2765,DH,2003,8,DTW,27,8_DH
4090,DL,2003,9,DTW,8,9_DL
19,AA,2003,6,DTW,14,6_AA
8719,WN,2003,12,DTW,15,12_WN
1888,MQ,2003,7,DTW,30,7_MQ
2202,RU,2003,7,DTW,21,7_RU
4196,EV,2003,9,DTW,13,9_EV
3571,UA,2003,8,DTW,17,8_UA
8246,NW,2003,12,DTW,17,12_NW
3641,US,2003,8,DTW,23,8_US
3141,MQ,2003,8,DTW,31,8_MQ
2516,AA,2003,8,DTW,21,8_AA
5026,AA,2003,10,LAS,15,10_AA
7967,EV,2003,12,LAS,100,12_EV
8603,UA,2003,12,LAS,26,12_UA
1285,AA,2003,7,LAS,24,7_AA
1031,TZ,2003,6,LAS,22,6_TZ
2403,US,2003,7,LAS,34,7_US
5096,AS,2003,10,LAS,16,10_AS
7598,AS,2003,12,LAS,22,12_AS
3781,AA,2003,9,LAS,15,9_AA
37,AA,2003,6,LAS,24,6_AA
6594,DL,2003,11,LAS,28,11_DL
7631,B6,2003,12,LAS,14,12_B6
1356,AS,2003,7,LAS,20,7_AS
1153,US,2003,6,LAS,31,6_US
3585,UA,2003,8,LAS,14,8_UA
2864,DL,2003,8,LAS,16,8_DL
2111,OO,2003,7,LAS,12,7_OO
3529,TZ,2003,8,LAS,18,8_TZ
5351,DL,2003,10,LAS,16,10_DL
6145,US,2003,10,LAS,19,10_US
6342,AS,2003,11,LAS,17,11_AS
1087,UA,2003,6,LAS,14,6_UA
1388,B6,2003,7,LAS,6,7_B6
3650,US,2003,8,LAS,36,8_US
6374,B6,2003,11,LAS,25,11_B6
3711,WN,2003,8,LAS,11,8_WN
8545,TZ,2003,12,LAS,15,12_TZ
7528,AA,2003,12,LAS,22,12_AA
1616,DL,2003,7,LAS,18,7_DL
3086,HP,2003,8,LAS,16,8_HP
5569,HP,2003,10,LAS,14,10_HP
5175,CO,2003,10,LAS,11,10_CO
6273,AA,2003,11,LAS,26,11_AA
108,AS,2003,6,LAS,15,6_AS
6420,CO,2003,11,LAS,24,11_CO
1437,CO,2003,7,LAS,18,7_CO
2337,UA,2003,7,LAS,16,7_UA
5128,B6,2003,10,LAS,11,10_B6
8053,HA,2003,12,LAS,10,12_HA
367,DL,2003,6,LAS,25,6_DL
2464,WN,2003,7,LAS,13,7_WN
3852,AS,2003,9,LAS,7,9_AS
761,NW,2003,6,LAS,19,6_NW
2010,NW,2003,7,LAS,13,7_NW
2637,B6,2003,8,LAS,8,8_B6
7108,OO,2003,11,LAS,19,11_OO
585,HP,2003,6,LAS,16,6_HP
4603,OO,2003,9,LAS,15,9_OO
4111,DL,2003,9,LAS,19,9_DL
8730,WN,2003,12,LAS,17,12_WN
5852,OO,2003,10,LAS,22,10_OO
7006,NW,2003,11,LAS,47,11_NW
6024,TZ,2003,10,LAS,16,10_TZ
2605,AS,2003,8,LAS,27,8_AS
8272,NW,2003,12,LAS,29,12_NW
2534,AA,2003,8,LAS,25,8_AA
7681,CO,2003,12,LAS,23,12_CO
1833,HP,2003,7,LAS,15,7_HP
7278,TZ,2003,11,LAS,39,11_TZ
1215,WN,2003,6,LAS,12,6_WN
140,B6,2003,6,LAS,10,6_B6
7333,UA,2003,11,LAS,29,11_UA
4326,HP,2003,9,LAS,11,9_HP
4503,NW,2003,9,LAS,11,9_NW
1726,EV,2003,7,LAS,100,7_EV
3361,OO,2003,8,LAS,13,8_OO
4777,TZ,2003,9,LAS,7,9_TZ
4959,WN,2003,9,LAS,6,9_WN
6793,HA,2003,11,LAS,7,11_HA
6205,WN,2003,10,LAS,13,10_WN
2281,TZ,2003,7,LAS,21,7_TZ
7458,WN,2003,11,LAS,16,11_WN
3263,NW,2003,8,LAS,15,8_NW
4898,US,2003,9,LAS,20,9_US
862,OO,2003,6,LAS,7,6_OO
8670,US,2003,12,LAS,33,12_US
7398,US,2003,11,LAS,40,11_US
189,CO,2003,6,LAS,18,6_CO
6828,HP,2003,11,LAS,25,11_HP
8374,OO,2003,12,LAS,24,12_OO
8088,HP,2003,12,LAS,23,12_HP
3933,CO,2003,9,LAS,14,9_CO
2686,CO,2003,8,LAS,19,8_CO
3884,B6,2003,9,LAS,4,9_B6
4833,UA,2003,9,LAS,8,9_UA
7857,DL,2003,12,LAS,21,12_DL
5748,NW,2003,10,LAS,20,10_NW
6080,UA,2003,10,LAS,15,10_UA
6025,TZ,2003,10,LAX,18,10_TZ
3264,NW,2003,8,LAX,12,8_NW
6146,US,2003,10,LAX,19,10_US
2338,UA,2003,7,LAX,10,7_UA
7682,CO,2003,12,LAX,20,12_CO
1154,US,2003,6,LAX,41,6_US
3362,OO,2003,8,LAX,5,8_OO
6081,UA,2003,10,LAX,10,10_UA
5853,OO,2003,10,LAX,12,10_OO
7599,AS,2003,12,LAX,21,12_AS
7334,UA,2003,11,LAX,21,11_UA
7279,TZ,2003,11,LAX,36,11_TZ
2535,AA,2003,8,LAX,22,8_AA
663,MQ,2003,6,LAX,12,6_MQ
2606,AS,2003,8,LAX,19,8_AS
8731,WN,2003,12,LAX,16,12_WN
586,HP,2003,6,LAX,11,6_HP
7109,OO,2003,11,LAX,8,11_OO
7007,NW,2003,11,LAX,46,11_NW
762,NW,2003,6,LAX,21,6_NW
7399,US,2003,11,LAX,33,11_US
6905,MQ,2003,11,LAX,8,11_MQ
2687,CO,2003,8,LAX,14,8_CO
8671,US,2003,12,LAX,34,12_US
6829,HP,2003,11,LAX,26,11_HP
2465,WN,2003,7,LAX,11,7_WN
863,OO,2003,6,LAX,7,6_OO
3163,MQ,2003,8,LAX,6,8_MQ
8604,UA,2003,12,LAX,19,12_UA
6274,AA,2003,11,LAX,26,11_AA
1088,UA,2003,6,LAX,10,6_UA
6343,AS,2003,11,LAX,16,11_AS
7529,AA,2003,12,LAX,22,12_AA
6206,WN,2003,10,LAX,10,10_WN
3087,HP,2003,8,LAX,16,8_HP
1032,TZ,2003,6,LAX,17,6_TZ
2404,US,2003,7,LAX,32,7_US
6595,DL,2003,11,LAX,24,11_DL
2865,DL,2003,8,LAX,18,8_DL
6794,HA,2003,11,LAX,6,11_HA
7459,WN,2003,11,LAX,14,11_WN
6421,CO,2003,11,LAX,25,11_CO
38,AA,2003,6,LAX,21,6_AA
8054,HA,2003,12,LAX,50,12_HA
5462,EV,2003,10,LAX,100,10_EV
2011,NW,2003,7,LAX,11,7_NW
8089,HP,2003,12,LAX,22,12_HP
1357,AS,2003,7,LAX,13,7_AS
7858,DL,2003,12,LAX,24,12_DL
4778,TZ,2003,9,LAX,12,9_TZ
3934,CO,2003,9,LAX,14,9_CO
4834,UA,2003,9,LAX,5,9_UA
5352,DL,2003,10,LAX,15,10_DL
3651,US,2003,8,LAX,34,8_US
8375,OO,2003,12,LAX,13,12_OO
3712,WN,2003,8,LAX,9,8_WN
1617,DL,2003,7,LAX,13,7_DL
4899,US,2003,9,LAX,21,9_US
5176,CO,2003,10,LAX,14,10_CO
1438,CO,2003,7,LAX,14,7_CO
190,CO,2003,6,LAX,17,6_CO
3853,AS,2003,9,LAX,9,9_AS
4960,WN,2003,9,LAX,6,9_WN
5097,AS,2003,10,LAX,14,10_AS
3782,AA,2003,9,LAX,10,9_AA
1216,WN,2003,6,LAX,11,6_WN
2112,OO,2003,7,LAX,6,7_OO
109,AS,2003,6,LAX,8,6_AS
3586,UA,2003,8,LAX,10,8_UA
5570,HP,2003,10,LAX,15,10_HP
5027,AA,2003,10,LAX,15,10_AA
5647,MQ,2003,10,LAX,12,10_MQ
2282,TZ,2003,7,LAX,20,7_TZ
1834,HP,2003,7,LAX,11,7_HP
5749,NW,2003,10,LAX,18,10_NW
1910,MQ,2003,7,LAX,10,7_MQ
8166,MQ,2003,12,LAX,13,12_MQ
4504,NW,2003,9,LAX,10,9_NW
4112,DL,2003,9,LAX,16,9_DL
3530,TZ,2003,8,LAX,15,8_TZ
368,DL,2003,6,LAX,26,6_DL
8273,NW,2003,12,LAX,30,12_NW
8546,TZ,2003,12,LAX,23,12_TZ
4604,OO,2003,9,LAX,5,9_OO
4327,HP,2003,9,LAX,8,9_HP
1286,AA,2003,7,LAX,21,7_AA
4403,MQ,2003,9,LAX,6,9_MQ
4901,US,2003,9,MCI,20,9_US
588,HP,2003,6,MCI,7,6_HP
8377,OO,2003,12,MCI,12,12_OO
7112,OO,2003,11,MCI,6,11_OO
6772,FL,2003,11,MCI,13,11_FL
866,OO,2003,6,MCI,8,6_OO
7463,WN,2003,11,MCI,12,11_WN
6712,EV,2003,11,MCI,18,11_EV
7337,UA,2003,11,MCI,25,11_UA
8735,WN,2003,12,MCI,14,12_WN
4964,WN,2003,9,MCI,9,9_WN
4328,HP,2003,9,MCI,10,9_HP
4225,EV,2003,9,MCI,15,9_EV
2469,WN,2003,7,MCI,14,7_WN
6830,HP,2003,11,MCI,3,11_HP
1621,DL,2003,7,MCI,20,7_DL
8090,HP,2003,12,MCI,13,12_HP
1790,FL,2003,7,MCI,20,7_FL
8278,NW,2003,12,MCI,23,12_NW
7012,NW,2003,11,MCI,24,11_NW
4726,RU,2003,9,MCI,21,9_RU
8673,US,2003,12,MCI,21,12_US
980,RU,2003,6,MCI,11,6_RU
1733,EV,2003,7,MCI,29,7_EV
767,NW,2003,6,MCI,17,6_NW
3937,CO,2003,9,MCI,11,9_CO
2016,NW,2003,7,MCI,18,7_NW
4509,NW,2003,9,MCI,12,9_NW
7401,US,2003,11,MCI,17,11_US
2690,CO,2003,8,MCI,8,8_CO
4116,DL,2003,9,MCI,13,9_DL
4837,UA,2003,9,MCI,12,9_UA
4607,OO,2003,9,MCI,5,9_OO
7229,RU,2003,11,MCI,26,11_RU
1220,WN,2003,6,MCI,12,6_WN
2406,US,2003,7,MCI,28,7_US
6599,DL,2003,11,MCI,8,11_DL
8607,UA,2003,12,MCI,23,12_UA
5032,AA,2003,10,MCI,6,10_AA
2230,RU,2003,7,MCI,16,7_RU
5469,EV,2003,10,MCI,12,10_EV
6210,WN,2003,10,MCI,10,10_WN
3589,UA,2003,8,MCI,18,8_UA
5528,FL,2003,10,MCI,8,10_FL
483,EV,2003,6,MCI,31,6_EV
1291,AA,2003,7,MCI,19,7_AA
6148,US,2003,10,MCI,17,10_US
5571,HP,2003,10,MCI,15,10_HP
2341,UA,2003,7,MCI,19,7_UA
6084,UA,2003,10,MCI,12,10_UA
2540,AA,2003,8,MCI,21,8_AA
43,AA,2003,6,MCI,14,6_AA
3269,NW,2003,8,MCI,21,8_NW
5754,NW,2003,10,MCI,9,10_NW
1156,US,2003,6,MCI,25,6_US
3479,RU,2003,8,MCI,19,8_RU
372,DL,2003,6,MCI,14,6_DL
1835,HP,2003,7,MCI,19,7_HP
5856,OO,2003,10,MCI,8,10_OO
3365,OO,2003,8,MCI,13,8_OO
7684,CO,2003,12,MCI,11,12_CO
5973,RU,2003,10,MCI,21,10_RU
7862,DL,2003,12,MCI,19,12_DL
6278,AA,2003,11,MCI,21,11_AA
4282,FL,2003,9,MCI,7,9_FL
2116,OO,2003,7,MCI,11,7_OO
1441,CO,2003,7,MCI,12,7_CO
6423,CO,2003,11,MCI,17,11_CO
542,FL,2003,6,MCI,12,6_FL
5178,CO,2003,10,MCI,3,10_CO
193,CO,2003,6,MCI,13,6_CO
8494,RU,2003,12,MCI,29,12_RU
3716,WN,2003,8,MCI,12,8_WN
3043,FL,2003,8,MCI,18,8_FL
2978,EV,2003,8,MCI,22,8_EV
3088,HP,2003,8,MCI,18,8_HP
3653,US,2003,8,MCI,29,8_US
3787,AA,2003,9,MCI,11,9_AA
7533,AA,2003,12,MCI,23,12_AA
5356,DL,2003,10,MCI,10,10_DL
8032,FL,2003,12,MCI,33,12_FL
1091,UA,2003,6,MCI,18,6_UA
2869,DL,2003,8,MCI,15,8_DL
7973,EV,2003,12,MCI,17,12_EV
394,DL,2003,6,PHX,20,6_DL
7475,WN,2003,11,PHX,14,11_WN
7705,CO,2003,12,PHX,17,12_CO
118,AS,2003,6,PHX,16,6_AS
7353,UA,2003,11,PHX,30,11_UA
213,CO,2003,6,PHX,14,6_CO
8624,UA,2003,12,PHX,24,12_UA
8555,TZ,2003,12,PHX,16,12_TZ
8396,OO,2003,12,PHX,19,12_OO
8102,HP,2003,12,PHX,12,12_HP
8513,RU,2003,12,PHX,46,12_RU
8685,US,2003,12,PHX,19,12_US
7609,AS,2003,12,PHX,21,12_AS
61,AA,2003,6,PHX,22,6_AA
7552,AA,2003,12,PHX,23,12_AA
7413,US,2003,11,PHX,30,11_US
7885,DL,2003,12,PHX,21,12_DL
8061,HA,2003,12,PHX,29,12_HA
8300,NW,2003,12,PHX,37,12_NW
2558,AA,2003,8,PHX,18,8_AA
3539,TZ,2003,8,PHX,17,8_TZ
5379,DL,2003,10,PHX,15,10_DL
3728,WN,2003,8,PHX,12,8_WN
1366,AS,2003,7,PHX,25,7_AS
1309,AA,2003,7,PHX,17,7_AA
5583,HP,2003,10,PHX,9,10_HP
3665,US,2003,8,PHX,29,8_US
5776,NW,2003,10,PHX,15,10_NW
2132,OO,2003,7,PHX,6,7_OO
3605,UA,2003,8,PHX,17,8_UA
2249,RU,2003,7,PHX,6,7_RU
1847,HP,2003,7,PHX,10,7_HP
1232,WN,2003,6,PHX,11,6_WN
5992,RU,2003,10,PHX,6,10_RU
2291,TZ,2003,7,PHX,19,7_TZ
6034,TZ,2003,10,PHX,13,10_TZ
1169,US,2003,6,PHX,29,6_US
5875,OO,2003,10,PHX,7,10_OO
3498,RU,2003,8,PHX,0,8_RU
3805,AA,2003,9,PHX,9,9_AA
1461,CO,2003,7,PHX,15,7_CO
8747,WN,2003,12,PHX,14,12_WN
4530,NW,2003,9,PHX,13,9_NW
4139,DL,2003,9,PHX,19,9_DL
4625,OO,2003,9,PHX,5,9_OO
3957,CO,2003,9,PHX,12,9_CO
4745,RU,2003,9,PHX,8,9_RU
4787,TZ,2003,9,PHX,4,9_TZ
5198,CO,2003,10,PHX,8,10_CO
4853,UA,2003,9,PHX,10,9_UA
4913,US,2003,9,PHX,14,9_US
2038,NW,2003,7,PHX,13,7_NW
4976,WN,2003,9,PHX,7,9_WN
600,HP,2003,6,PHX,11,6_HP
5050,AA,2003,10,PHX,8,10_AA
5106,AS,2003,10,PHX,13,10_AS
3862,AS,2003,9,PHX,9,9_AS
1644,DL,2003,7,PHX,14,7_DL
6100,UA,2003,10,PHX,15,10_UA
4340,HP,2003,9,PHX,7,9_HP
882,OO,2003,6,PHX,5,6_OO
6842,HP,2003,11,PHX,13,11_HP
789,NW,2003,6,PHX,21,6_NW
6801,HA,2003,11,PHX,3,11_HA
3381,OO,2003,8,PHX,12,8_OO
7033,NW,2003,11,PHX,47,11_NW
2892,DL,2003,8,PHX,17,8_DL
6622,DL,2003,11,PHX,22,11_DL
7131,OO,2003,11,PHX,13,11_OO
999,RU,2003,6,PHX,6,6_RU
2418,US,2003,7,PHX,24,7_US
2710,CO,2003,8,PHX,13,8_CO
6443,CO,2003,11,PHX,23,11_CO
1041,TZ,2003,6,PHX,10,6_TZ
3100,HP,2003,8,PHX,11,8_HP
7247,RU,2003,11,PHX,7,11_RU
2615,AS,2003,8,PHX,40,8_AS
6160,US,2003,10,PHX,14,10_US
3290,NW,2003,8,PHX,14,8_NW
6222,WN,2003,10,PHX,12,10_WN
2357,UA,2003,7,PHX,19,7_UA
1107,UA,2003,6,PHX,14,6_UA
2481,WN,2003,7,PHX,14,7_WN
7288,TZ,2003,11,PHX,28,11_TZ
6352,AS,2003,11,PHX,19,11_AS
6296,AA,2003,11,PHX,26,11_AA
2619,AS,2003,8,SAN,25,8_AS
2646,B6,2003,8,SAN,17,8_B6
4148,DL,2003,9,SAN,15,9_DL
3966,CO,2003,9,SAN,14,9_CO
1937,MQ,2003,7,SAN,12,7_MQ
122,AS,2003,6,SAN,16,6_AS
1851,HP,2003,7,SAN,15,7_HP
8694,US,2003,12,SAN,24,12_US
2485,WN,2003,7,SAN,15,7_WN
2567,AA,2003,8,SAN,18,8_AA
8312,NW,2003,12,SAN,44,12_NW
3389,OO,2003,8,SAN,5,8_OO
3893,B6,2003,9,SAN,6,9_B6
3301,NW,2003,8,SAN,17,8_NW
3190,MQ,2003,8,SAN,7,8_MQ
2364,UA,2003,7,SAN,17,7_UA
3104,HP,2003,8,SAN,16,8_HP
3612,UA,2003,8,SAN,17,8_UA
8631,UA,2003,12,SAN,28,12_UA
70,AA,2003,6,SAN,18,6_AA
2049,NW,2003,7,SAN,17,7_NW
3674,US,2003,8,SAN,31,8_US
2141,OO,2003,7,SAN,8,7_OO
2901,DL,2003,8,SAN,17,8_DL
2427,US,2003,7,SAN,36,7_US
3814,AA,2003,9,SAN,8,9_AA
8405,OO,2003,12,SAN,12,12_OO
2719,CO,2003,8,SAN,16,8_CO
3866,AS,2003,9,SAN,8,9_AS
3732,WN,2003,8,SAN,13,8_WN
604,HP,2003,6,SAN,10,6_HP
4980,WN,2003,9,SAN,7,9_WN
8197,MQ,2003,12,SAN,15,12_MQ
6107,UA,2003,10,SAN,16,10_UA
7640,B6,2003,12,SAN,9,12_B6
6169,US,2003,10,SAN,12,10_US
7613,AS,2003,12,SAN,22,12_AS
6226,WN,2003,10,SAN,12,10_WN
1114,UA,2003,6,SAN,15,6_UA
6305,AA,2003,11,SAN,27,11_AA
7561,AA,2003,12,SAN,32,12_AA
6356,AS,2003,11,SAN,16,11_AS
6383,B6,2003,11,SAN,23,11_B6
6450,CO,2003,11,SAN,24,11_CO
6632,DL,2003,11,SAN,25,11_DL
7479,WN,2003,11,SAN,16,11_WN
891,OO,2003,6,SAN,4,6_OO
6802,HA,2003,11,SAN,10,11_HA
7422,US,2003,11,SAN,23,11_US
6846,HP,2003,11,SAN,18,11_HP
801,NW,2003,6,SAN,25,6_NW
6935,MQ,2003,11,SAN,7,11_MQ
7045,NW,2003,11,SAN,55,11_NW
7140,OO,2003,11,SAN,6,11_OO
7360,UA,2003,11,SAN,29,11_UA
689,MQ,2003,6,SAN,13,6_MQ
403,DL,2003,6,SAN,26,6_DL
1178,US,2003,6,SAN,41,6_US
5884,OO,2003,10,SAN,11,10_OO
7712,CO,2003,12,SAN,22,12_CO
4344,HP,2003,9,SAN,13,9_HP
4430,MQ,2003,9,SAN,5,9_MQ
4541,NW,2003,9,SAN,13,9_NW
8106,HP,2003,12,SAN,21,12_HP
4633,OO,2003,9,SAN,5,9_OO
1653,DL,2003,7,SAN,13,7_DL
4860,UA,2003,9,SAN,6,9_UA
8062,HA,2003,12,SAN,74,12_HA
4922,US,2003,9,SAN,13,9_US
5059,AA,2003,10,SAN,8,10_AA
1470,CO,2003,7,SAN,18,7_CO
149,B6,2003,6,SAN,0,6_B6
222,CO,2003,6,SAN,20,6_CO
5137,B6,2003,10,SAN,1,10_B6
5205,CO,2003,10,SAN,8,10_CO
1397,B6,2003,7,SAN,12,7_B6
7895,DL,2003,12,SAN,20,12_DL
5389,DL,2003,10,SAN,12,10_DL
1370,AS,2003,7,SAN,23,7_AS
1318,AA,2003,7,SAN,17,7_AA
5587,HP,2003,10,SAN,13,10_HP
5676,MQ,2003,10,SAN,11,10_MQ
5788,NW,2003,10,SAN,18,10_NW
1236,WN,2003,6,SAN,12,6_WN
5110,AS,2003,10,SAN,18,10_AS
8751,WN,2003,12,SAN,19,12_WN
